{"@type":"Process","@id":"2297a4ba-8977-4f21-a17f-5e3e1600285a","name":"Full outdoor production (L+ thc)","description":"","category":"Cannabis Production/experiment 1/L+ 100g thc","version":"00.00.026","lastChange":"2023-05-24T00:26:28.923Z","processType":"UNIT_PROCESS","isInfrastructureProcess":false,"processDocumentation":{"isCopyrightProtected":false,"creationDate":"2022-11-27T14:25:18.235"},"lastInternalId":29,"parameters":[],"exchanges":[{"@type":"Exchange","isAvoidedProduct":false,"isInput":false,"amount":1.0,"internalId":19,"flow":{"@type":"Flow","@id":"9cbb87a4-5781-407a-b237-c13a127e9aed","name":"Production of 1 kg dried cannabis production (H- Bud)","flowType":"PRODUCT_FLOW","refUnit":"kg"},"unit":{"@type":"Unit","@id":"20aadc24-a391-41cf-b340-3e4529f44bde","name":"kg"},"flowProperty":{"@type":"FlowProperty","@id":"93a60a56-a3c8-11da-a746-0800200b9a66","name":"Mass","category":"Technical flow properties","refUnit":"kg"},"isQuantitativeReference":true},{"@type":"Exchange","isAvoidedProduct":false,"isInput":true,"amount":1.0,"internalId":18,"flow":{"@type":"Flow","@id":"2abb6772-e790-4dd3-9a2c-daac8d98c565","name":"Dried cannabis (H- Bud)","flowType":"PRODUCT_FLOW","refUnit":"kg"},"unit":{"@type":"Unit","@id":"20aadc24-a391-41cf-b340-3e4529f44bde","name":"kg"},"flowProperty":{"@type":"FlowProperty","@id":"93a60a56-a3c8-11da-a746-0800200b9a66","name":"Mass","category":"Technical flow properties","refUnit":"kg"},"defaultProvider":{"@type":"Process","@id":"95cc1b05-8678-4d72-8340-76bdf566307c","name":"Outdoor drying of fresh cannabis flower (L+ thc)","category":"Cannabis Production/experiment 1/L+ 100g thc","processType":"UNIT_PROCESS","flowType":"PRODUCT_FLOW"}}],"socialAspects":[],"allocationFactors":[]}