{"@type":"Process","@id":"357c2fbc-1aaf-4509-ad84-fed6a995698a","name":"Outdoor fertilizing (H- bud)","description":"","category":"Cannabis Production/experiment 1/H- kg bud","version":"00.00.023","lastChange":"2023-05-24T00:26:22.897Z","processType":"UNIT_PROCESS","isInfrastructureProcess":false,"processDocumentation":{"isCopyrightProtected":false,"creationDate":"2022-11-26T19:07:06.868"},"lastInternalId":37,"parameters":[],"exchanges":[{"@type":"Exchange","isAvoidedProduct":false,"isInput":false,"amount":1.0,"internalId":1,"flow":{"@type":"Flow","@id":"ba498e6e-36ee-4610-ad53-c611f8692dd4","name":"6. Indoor fertilizer Canada","flowType":"PRODUCT_FLOW","refUnit":"m2"},"unit":{"@type":"Unit","@id":"debee4d9-bc47-4e35-8624-4957ecb75386","name":"ha"},"flowProperty":{"@type":"FlowProperty","@id":"93a60a56-a3c8-19da-a746-0800200c9a66","name":"Area","category":"Technical flow properties","refUnit":"m2"},"isQuantitativeReference":true},{"@type":"Exchange","isAvoidedProduct":false,"isInput":false,"amount":0.642001,"internalId":36,"flow":{"@type":"Flow","@id":"c1b91234-6f24-417b-8309-46111d09c457","name":"Nitrogen oxides","category":"Elementary flows/Emission to air/unspecified","flowType":"ELEMENTARY_FLOW","refUnit":"kg"},"unit":{"@type":"Unit","@id":"e1317ffc-7f83-4a85-bc65-4fb229a25cf8","name":"g"},"flowProperty":{"@type":"FlowProperty","@id":"93a60a56-a3c8-11da-a746-0800200b9a66","name":"Mass","category":"Technical flow properties","refUnit":"kg"}},{"@type":"Exchange","isAvoidedProduct":false,"isInput":false,"amount":12.22859,"internalId":33,"flow":{"@type":"Flow","@id":"87883a4e-1e3e-4c9d-90c0-f1bea36f8014","name":"Ammonia","category":"Elementary flows/Emission to air/unspecified","flowType":"ELEMENTARY_FLOW","refUnit":"kg"},"unit":{"@type":"Unit","@id":"e1317ffc-7f83-4a85-bc65-4fb229a25cf8","name":"g"},"flowProperty":{"@type":"FlowProperty","@id":"93a60a56-a3c8-11da-a746-0800200b9a66","name":"Mass","category":"Technical flow properties","refUnit":"kg"}},{"@type":"Exchange","isAvoidedProduct":false,"isInput":false,"amount":36.68578,"internalId":37,"flow":{"@type":"Flow","@id":"c8791f3c-3c4a-4278-91c0-483797d14da2","name":"Phosphate","category":"Elementary flows/Emission to water/unspecified","flowType":"ELEMENTARY_FLOW","refUnit":"kg"},"unit":{"@type":"Unit","@id":"e1317ffc-7f83-4a85-bc65-4fb229a25cf8","name":"g"},"flowProperty":{"@type":"FlowProperty","@id":"93a60a56-a3c8-11da-a746-0800200b9a66","name":"Mass","category":"Technical flow properties","refUnit":"kg"}},{"@type":"Exchange","isAvoidedProduct":false,"isInput":true,"amount":2339.655,"internalId":20,"flow":{"@type":"Flow","@id":"aa0f0057-073d-55b7-918d-e4d6bed420f3","name":"NPK (15-15-15) fertiliser","category":"C:Manufacturing/20:Manufacture of chemicals and chemical products/201:Manufacture of basic chemicals, fertilizers and nitrogen compounds, plastics/2012:Manufacture of fertilizers and nitrogen compounds","flowType":"PRODUCT_FLOW","refUnit":"kg"},"unit":{"@type":"Unit","@id":"e1317ffc-7f83-4a85-bc65-4fb229a25cf8","name":"g"},"flowProperty":{"@type":"FlowProperty","@id":"93a60a56-a3c8-11da-a746-0800200b9a66","name":"Mass","category":"Technical flow properties","refUnit":"kg"},"defaultProvider":{"@type":"Process","@id":"ce90a47a-ddb1-31bc-851c-e876caee71ae","name":"NPK (15-15-15) fertiliser production | NPK (15-15-15) fertiliser | Cutoff, U","category":"C:Manufacturing/20:Manufacture of chemicals and chemical products/201:Manufacture of basic chemicals, fertilizers and nitrogen compounds, plastics/2012:Manufacture of fertilizers and nitrogen compounds","processType":"UNIT_PROCESS","flowType":"PRODUCT_FLOW","location":"RNA"}},{"@type":"Exchange","isAvoidedProduct":false,"isInput":false,"amount":3.057149,"internalId":35,"flow":{"@type":"Flow","@id":"5189de76-6bbb-44ba-8c42-5714f1b4371f","name":"Nitrate","category":"Elementary flows/Emission to water/unspecified","flowType":"ELEMENTARY_FLOW","refUnit":"kg"},"unit":{"@type":"Unit","@id":"e1317ffc-7f83-4a85-bc65-4fb229a25cf8","name":"g"},"flowProperty":{"@type":"FlowProperty","@id":"93a60a56-a3c8-11da-a746-0800200b9a66","name":"Mass","category":"Technical flow properties","refUnit":"kg"}},{"@type":"Exchange","isAvoidedProduct":false,"isInput":true,"amount":0.0,"internalId":22,"flow":{"@type":"Flow","@id":"f9c6e4e7-e45c-423e-b48e-f7e140efb38e","name":"potassium chloride","category":"C:Manufacturing/20:Manufacture of chemicals and chemical products/201:Manufacture of basic chemicals, fertilizers and nitrogen compounds, plastics/2012:Manufacture of fertilizers and nitrogen compounds","flowType":"PRODUCT_FLOW","refUnit":"kg"},"unit":{"@type":"Unit","@id":"e1317ffc-7f83-4a85-bc65-4fb229a25cf8","name":"g"},"flowProperty":{"@type":"FlowProperty","@id":"93a60a56-a3c8-11da-a746-0800200b9a66","name":"Mass","category":"Technical flow properties","refUnit":"kg"},"defaultProvider":{"@type":"Process","@id":"baff19f5-0a30-346e-897d-6145e3b121cd","name":"potassium mining and benefication | potassium chloride | Cutoff, U","category":"C:Manufacturing/20:Manufacture of chemicals and chemical products/201:Manufacture of basic chemicals, fertilizers and nitrogen compounds, plastics/2012:Manufacture of fertilizers and nitrogen compounds","processType":"UNIT_PROCESS","flowType":"PRODUCT_FLOW","location":"CA-SK"}},{"@type":"Exchange","isAvoidedProduct":false,"isInput":false,"amount":3.057149,"internalId":34,"flow":{"@type":"Flow","@id":"20185046-64bb-4c09-a8e7-e8a9e144ca98","name":"Dinitrogen monoxide","category":"Elementary flows/Emission to air/unspecified","flowType":"ELEMENTARY_FLOW","refUnit":"kg"},"unit":{"@type":"Unit","@id":"e1317ffc-7f83-4a85-bc65-4fb229a25cf8","name":"g"},"flowProperty":{"@type":"FlowProperty","@id":"93a60a56-a3c8-11da-a746-0800200b9a66","name":"Mass","category":"Technical flow properties","refUnit":"kg"}}],"socialAspects":[],"allocationFactors":[]}