{"@type":"Process","@id":"4112d590-80e3-4450-bb24-33eb046a63b2","name":"Outdoor Horticultural practice (H- thc) 5y","description":"","category":"Cannabis Production/experiment 1/H- 100g thc 25 y","version":"00.00.023","lastChange":"2023-10-20T15:13:01.129Z","processType":"UNIT_PROCESS","isInfrastructureProcess":false,"processDocumentation":{"isCopyrightProtected":false,"creationDate":"2022-11-27T14:02:39.173"},"lastInternalId":10,"parameters":[],"exchanges":[{"@type":"Exchange","isAvoidedProduct":false,"isInput":false,"amount":1.0,"internalId":1,"flow":{"@type":"Flow","@id":"fe854342-4360-45a7-a5f4-e375fc2c6822","name":"Agricultural practice for 1 unit of fresh cannabis flower (4.5 kg) (H- Bud)","flowType":"PRODUCT_FLOW","refUnit":"Item(s)"},"unit":{"@type":"Unit","@id":"6dabe201-aaac-4509-92f0-d00c26cb72ab","name":"Item(s)"},"flowProperty":{"@type":"FlowProperty","@id":"01846770-4cfe-4a25-8ad9-919d8d378345","name":"Number of items","category":"Technical flow properties","refUnit":"Item(s)"},"isQuantitativeReference":true},{"@type":"Exchange","isAvoidedProduct":false,"isInput":true,"amount":58.999,"internalId":10,"flow":{"@type":"Flow","@id":"d16b5d3f-b5e4-45b6-9a04-23cde05220c0","name":"nylon 6","category":"C:Manufacturing/20:Manufacture of chemicals and chemical products/201:Manufacture of basic chemicals, fertilizers and nitrogen compounds, plastics/2013:Manufacture of plastics and synthetic rubber in primary forms","flowType":"PRODUCT_FLOW","refUnit":"kg"},"unit":{"@type":"Unit","@id":"e1317ffc-7f83-4a85-bc65-4fb229a25cf8","name":"g"},"flowProperty":{"@type":"FlowProperty","@id":"93a60a56-a3c8-11da-a746-0800200b9a66","name":"Mass","category":"Technical flow properties","refUnit":"kg"},"defaultProvider":{"@type":"Process","@id":"ec287101-46d6-3ae0-b419-6ba2d47bbf46","name":"market for nylon 6 | nylon 6 | Cutoff, U","category":"C:Manufacturing/20:Manufacture of chemicals and chemical products/201:Manufacture of basic chemicals, fertilizers and nitrogen compounds, plastics/2013:Manufacture of plastics and synthetic rubber in primary forms","processType":"UNIT_PROCESS","flowType":"PRODUCT_FLOW","location":"RER"}},{"@type":"Exchange","isAvoidedProduct":false,"isInput":true,"amount":3016.8,"description":"Potting mix","internalId":2,"flow":{"@type":"Flow","@id":"cd27db73-0bae-4afa-a11a-e62153d7594b","name":"expanded perlite","category":"C:Manufacturing/23:Manufacture of other non-metallic mineral products/239:Manufacture of non-metallic mineral products n.e.c./2399:Manufacture of other non-metallic mineral products n.e.c.","flowType":"PRODUCT_FLOW","refUnit":"kg"},"unit":{"@type":"Unit","@id":"e1317ffc-7f83-4a85-bc65-4fb229a25cf8","name":"g"},"flowProperty":{"@type":"FlowProperty","@id":"93a60a56-a3c8-11da-a746-0800200b9a66","name":"Mass","category":"Technical flow properties","refUnit":"kg"},"defaultProvider":{"@type":"Process","@id":"dea383b1-ae88-34da-a49d-441b33e10a56","name":"expanded perlite production | expanded perlite | Cutoff, U","category":"C:Manufacturing/23:Manufacture of other non-metallic mineral products/239:Manufacture of non-metallic mineral products n.e.c./2399:Manufacture of other non-metallic mineral products n.e.c.","processType":"UNIT_PROCESS","flowType":"PRODUCT_FLOW","location":"RoW"}},{"@type":"Exchange","isAvoidedProduct":false,"isInput":true,"amount":703.07,"description":"Pots","internalId":9,"flow":{"@type":"Flow","@id":"947a85fa-114e-4d9e-b36c-3293e48ea5ae","name":"polyethylene, low density, granulate","category":"C:Manufacturing/20:Manufacture of chemicals and chemical products/201:Manufacture of basic chemicals, fertilizers and nitrogen compounds, plastics/2013:Manufacture of plastics and synthetic rubber in primary forms","flowType":"PRODUCT_FLOW","refUnit":"kg"},"unit":{"@type":"Unit","@id":"e1317ffc-7f83-4a85-bc65-4fb229a25cf8","name":"g"},"flowProperty":{"@type":"FlowProperty","@id":"93a60a56-a3c8-11da-a746-0800200b9a66","name":"Mass","category":"Technical flow properties","refUnit":"kg"},"defaultProvider":{"@type":"Process","@id":"1803154a-71e5-3ba2-bc6d-a367194569ac","name":"polyethylene production, low density, granulate | polyethylene, low density, granulate | Cutoff, U","category":"C:Manufacturing/20:Manufacture of chemicals and chemical products/201:Manufacture of basic chemicals, fertilizers and nitrogen compounds, plastics/2013:Manufacture of plastics and synthetic rubber in primary forms","processType":"UNIT_PROCESS","flowType":"PRODUCT_FLOW","location":"RoW"}},{"@type":"Exchange","isAvoidedProduct":false,"isInput":true,"amount":53689.0,"description":"Potting mix","internalId":7,"flow":{"@type":"Flow","@id":"a7e1dd79-7f97-4f06-86f7-8965e13db3db","name":"peat moss","category":"B:Mining and quarrying/08:Other mining and quarrying/089:Mining and quarrying n.e.c./0892:Extraction of peat","flowType":"PRODUCT_FLOW","refUnit":"m3"},"unit":{"@type":"Unit","@id":"46930fb7-8660-42a4-983e-19cf53da740b","name":"cm3"},"flowProperty":{"@type":"FlowProperty","@id":"93a60a56-a3c8-22da-a746-0800200c9a66","name":"Volume","category":"Technical flow properties","refUnit":"m3"},"defaultProvider":{"@type":"Process","@id":"c418d171-529c-3bff-8b89-471f78da795c","name":"peat moss production, horticultural use | peat moss | Cutoff, U","category":"B:Mining and quarrying/08:Other mining and quarrying/089:Mining and quarrying n.e.c./0892:Extraction of peat","processType":"UNIT_PROCESS","flowType":"PRODUCT_FLOW","location":"CA-QC"}},{"@type":"Exchange","isAvoidedProduct":false,"isInput":true,"amount":319.58,"description":"Potting mix","internalId":8,"flow":{"@type":"Flow","@id":"64cea105-f89a-4f95-ae44-84ff904a28fc","name":"limestone, crushed, washed","category":"B:Mining and quarrying/08:Other mining and quarrying/081:Quarrying of stone, sand and clay/0810:Quarrying of stone, sand and clay","flowType":"PRODUCT_FLOW","refUnit":"kg"},"unit":{"@type":"Unit","@id":"e1317ffc-7f83-4a85-bc65-4fb229a25cf8","name":"g"},"flowProperty":{"@type":"FlowProperty","@id":"93a60a56-a3c8-11da-a746-0800200b9a66","name":"Mass","category":"Technical flow properties","refUnit":"kg"},"defaultProvider":{"@type":"Process","@id":"6245602b-35d3-3f33-bea4-c8e96ae7eca5","name":"limestone production, crushed, washed | limestone, crushed, washed | Cutoff, U","category":"B:Mining and quarrying/08:Other mining and quarrying/081:Quarrying of stone, sand and clay/0810:Quarrying of stone, sand and clay","processType":"UNIT_PROCESS","flowType":"PRODUCT_FLOW","location":"CA-QC"}},{"@type":"Exchange","isAvoidedProduct":false,"isInput":true,"amount":3709.45138,"internalId":3,"flow":{"@type":"Flow","@id":"3f5f5aef-3833-43d4-8b81-44123105afd7","name":"irrigation","category":"A:Agriculture, forestry and fishing/01:Crop and animal production, hunting and related service activities/016:Support activities to agriculture and post-harvest crop activities/0161:Support activities for crop production","flowType":"PRODUCT_FLOW","refUnit":"m3"},"unit":{"@type":"Unit","@id":"b80a512e-e402-4363-8ad0-7d02dcf4a459","name":"l"},"flowProperty":{"@type":"FlowProperty","@id":"93a60a56-a3c8-22da-a746-0800200c9a66","name":"Volume","category":"Technical flow properties","refUnit":"m3"},"defaultProvider":{"@type":"Process","@id":"8bde662d-ee00-30fd-b18d-35cdd17feb5e","name":"irrigation, sprinkler | irrigation | Cutoff, U","category":"A:Agriculture, forestry and fishing/01:Crop and animal production, hunting and related service activities/016:Support activities to agriculture and post-harvest crop activities/0161:Support activities for crop production","processType":"UNIT_PROCESS","flowType":"PRODUCT_FLOW","location":"CA-QC"}}],"socialAspects":[],"allocationFactors":[]}