{"@type":"Process","@id":"67bf5270-3b7d-491d-b218-079d61346e83","name":"Transport and molding (L+ thc)","description":"","category":"Cannabis Production/experiment 1/L+ 100g thc","version":"00.00.017","lastChange":"2023-11-13T15:25:58.850Z","processType":"UNIT_PROCESS","isInfrastructureProcess":false,"processDocumentation":{"isCopyrightProtected":false,"creationDate":"2023-05-03T10:38:03.535"},"lastInternalId":6,"parameters":[],"exchanges":[{"@type":"Exchange","isAvoidedProduct":false,"isInput":false,"amount":1.0,"internalId":1,"flow":{"@type":"Flow","@id":"23eec791-55e0-44dd-8ba9-4145efabec30","name":"Transport and molding (H- bud)","flowType":"PRODUCT_FLOW","refUnit":"kg"},"unit":{"@type":"Unit","@id":"20aadc24-a391-41cf-b340-3e4529f44bde","name":"kg"},"flowProperty":{"@type":"FlowProperty","@id":"93a60a56-a3c8-11da-a746-0800200b9a66","name":"Mass","category":"Technical flow properties","refUnit":"kg"},"isQuantitativeReference":true},{"@type":"Exchange","isAvoidedProduct":false,"isInput":true,"amount":9.04,"internalId":3,"flow":{"@type":"Flow","@id":"2741cea8-327f-4e0f-9401-b10858dc68f8","name":"transport, freight, sea, container ship","category":"H:Transportation and storage/50:Water transport/501:Sea and coastal water transport/5012:Sea and coastal freight water transport","flowType":"PRODUCT_FLOW","refUnit":"t*km"},"unit":{"@type":"Unit","@id":"0dea4ed8-bb6b-4049-b2b4-b2c413ef2180","name":"t*km"},"flowProperty":{"@type":"FlowProperty","@id":"838aaa20-0117-11db-92e3-0800200c9a66","name":"Goods transport (mass*distance)","category":"Technical flow properties","refUnit":"t*km"},"defaultProvider":{"@type":"Process","@id":"4cc818f5-6919-36dd-a01e-362da8575eca","name":"transport, freight, sea, container ship | transport, freight, sea, container ship | Cutoff, U","category":"H:Transportation and storage/50:Water transport/501:Sea and coastal water transport/5012:Sea and coastal freight water transport","processType":"UNIT_PROCESS","flowType":"PRODUCT_FLOW","location":"GLO"}},{"@type":"Exchange","isAvoidedProduct":false,"isInput":true,"amount":449.45,"internalId":5,"flow":{"@type":"Flow","@id":"68d6dfcf-2089-4586-9bbf-ad75591105cf","name":"injection moulding","category":"C:Manufacturing/22:Manufacture of rubber and plastics products/222:Manufacture of plastics products/2220:Manufacture of plastics products","flowType":"PRODUCT_FLOW","refUnit":"kg"},"unit":{"@type":"Unit","@id":"e1317ffc-7f83-4a85-bc65-4fb229a25cf8","name":"g"},"flowProperty":{"@type":"FlowProperty","@id":"93a60a56-a3c8-11da-a746-0800200b9a66","name":"Mass","category":"Technical flow properties","refUnit":"kg"},"defaultProvider":{"@type":"Process","@id":"d0a4b5e5-4c1d-3fca-9a11-772145d7d60b","name":"injection moulding | injection moulding | Cutoff, U","category":"C:Manufacturing/22:Manufacture of rubber and plastics products/222:Manufacture of plastics products/2220:Manufacture of plastics products","processType":"UNIT_PROCESS","flowType":"PRODUCT_FLOW","location":"CA-QC"}},{"@type":"Exchange","isAvoidedProduct":false,"isInput":true,"amount":1.87,"internalId":2,"flow":{"@type":"Flow","@id":"0ace02fa-eca5-482d-a829-c18e46a52db4","name":"transport, freight train","category":"H:Transportation and storage/49:Land transport and transport via pipelines/491:Transport via railways/4912:Freight rail transport","flowType":"PRODUCT_FLOW","refUnit":"t*km"},"unit":{"@type":"Unit","@id":"0dea4ed8-bb6b-4049-b2b4-b2c413ef2180","name":"t*km"},"flowProperty":{"@type":"FlowProperty","@id":"838aaa20-0117-11db-92e3-0800200c9a66","name":"Goods transport (mass*distance)","category":"Technical flow properties","refUnit":"t*km"},"defaultProvider":{"@type":"Process","@id":"90f4c499-076b-32f6-8ad2-5b8dab62b900","name":"transport, freight train, diesel | transport, freight train | Cutoff, U","category":"H:Transportation and storage/49:Land transport and transport via pipelines/491:Transport via railways/4912:Freight rail transport","processType":"UNIT_PROCESS","flowType":"PRODUCT_FLOW","location":"US"}},{"@type":"Exchange","isAvoidedProduct":false,"isInput":true,"amount":57.35,"internalId":6,"flow":{"@type":"Flow","@id":"c691b775-a65a-4b77-a588-c8c6cd01c725","name":"transport, freight, lorry 16-32 metric ton, EURO6","category":"H:Transportation and storage/49:Land transport and transport via pipelines/492:Other land transport/4923:Freight transport by road","flowType":"PRODUCT_FLOW","refUnit":"t*km"},"unit":{"@type":"Unit","@id":"0dea4ed8-bb6b-4049-b2b4-b2c413ef2180","name":"t*km"},"flowProperty":{"@type":"FlowProperty","@id":"838aaa20-0117-11db-92e3-0800200c9a66","name":"Goods transport (mass*distance)","category":"Technical flow properties","refUnit":"t*km"},"defaultProvider":{"@type":"Process","@id":"0542df45-6b60-3a08-b002-205bd660060e","name":"market for transport, freight, lorry 16-32 metric ton, EURO6 | transport, freight, lorry 16-32 metric ton, EURO6 | Cutoff, U","category":"H:Transportation and storage/49:Land transport and transport via pipelines/492:Other land transport/4923:Freight transport by road","processType":"UNIT_PROCESS","flowType":"PRODUCT_FLOW","location":"RoW"}}],"socialAspects":[],"allocationFactors":[]}