{"@type":"Process","@id":"a8edfcc4-d1c2-472e-8b5e-cd4e5ad40b2d","name":"Outdoor drying of fresh cannabis flower (H- thc) 2y","description":"","category":"Cannabis Production/experiment 1/H- 100g thc 25 y","version":"00.00.031","lastChange":"2023-10-20T16:00:48.698Z","processType":"UNIT_PROCESS","isInfrastructureProcess":false,"processDocumentation":{"isCopyrightProtected":false,"creationDate":"2022-11-20T13:23:06.164"},"lastInternalId":11,"parameters":[],"exchanges":[{"@type":"Exchange","isAvoidedProduct":false,"isInput":false,"amount":1.0,"internalId":9,"flow":{"@type":"Flow","@id":"2abb6772-e790-4dd3-9a2c-daac8d98c565","name":"Dried cannabis (H- Bud)","flowType":"PRODUCT_FLOW","refUnit":"kg"},"unit":{"@type":"Unit","@id":"20aadc24-a391-41cf-b340-3e4529f44bde","name":"kg"},"flowProperty":{"@type":"FlowProperty","@id":"93a60a56-a3c8-11da-a746-0800200b9a66","name":"Mass","category":"Technical flow properties","refUnit":"kg"},"isQuantitativeReference":true},{"@type":"Exchange","isAvoidedProduct":false,"isInput":true,"amount":116.19832,"description":"Fan","internalId":3,"flow":{"@type":"Flow","@id":"d69294d7-8d64-4915-a896-9996a014c410","name":"electricity, low voltage","category":"D:Electricity, gas, steam and air conditioning supply/35:Electricity, gas, steam and air conditioning supply/351:Electric power generation, transmission and distribution/3510:Electric power generation, transmission and distribution","flowType":"PRODUCT_FLOW","refUnit":"MJ"},"unit":{"@type":"Unit","@id":"86ad2244-1f0e-4912-af53-7865283103e4","name":"kWh"},"flowProperty":{"@type":"FlowProperty","@id":"f6811440-ee37-11de-8a39-0800200c9a66","name":"Energy","category":"Technical flow properties","refUnit":"MJ"},"defaultProvider":{"@type":"Process","@id":"552d42b3-c03d-36ad-b00b-07056f717671","name":"market for electricity, low voltage | electricity, low voltage | Cutoff, U","category":"D:Electricity, gas, steam and air conditioning supply/35:Electricity, gas, steam and air conditioning supply/351:Electric power generation, transmission and distribution/3510:Electric power generation, transmission and distribution","processType":"UNIT_PROCESS","flowType":"PRODUCT_FLOW","location":"CA-QC"}},{"@type":"Exchange","isAvoidedProduct":false,"isInput":false,"amount":3.5,"internalId":4,"flow":{"@type":"Flow","@id":"fe0acd60-3ddc-11dd-ac07-0050c2490048","name":"Water vapour","category":"Elementary flows/Emission to air/low population density","flowType":"ELEMENTARY_FLOW","refUnit":"kg"},"unit":{"@type":"Unit","@id":"20aadc24-a391-41cf-b340-3e4529f44bde","name":"kg"},"flowProperty":{"@type":"FlowProperty","@id":"93a60a56-a3c8-11da-a746-0800200b9a66","name":"Mass","category":"Technical flow properties","refUnit":"kg"}},{"@type":"Exchange","isAvoidedProduct":false,"isInput":true,"amount":4.5,"internalId":10,"flow":{"@type":"Flow","@id":"138309cc-092a-4b37-b903-a0cabacfd8ef","name":"Fresh cannabis flower outside (H- Bud)","flowType":"PRODUCT_FLOW","refUnit":"kg"},"unit":{"@type":"Unit","@id":"20aadc24-a391-41cf-b340-3e4529f44bde","name":"kg"},"flowProperty":{"@type":"FlowProperty","@id":"93a60a56-a3c8-11da-a746-0800200b9a66","name":"Mass","category":"Technical flow properties","refUnit":"kg"},"defaultProvider":{"@type":"Process","@id":"77988760-62a5-46dc-bbcb-4315d2e82d83","name":"Outdoor growing of fresh cannabis flower (H- thc) 2y","category":"Cannabis Production/experiment 1/H- 100g thc 25 y","processType":"UNIT_PROCESS","flowType":"PRODUCT_FLOW"}},{"@type":"Exchange","isAvoidedProduct":false,"isInput":true,"amount":0.0113336,"description":"drying","internalId":8,"flow":{"@type":"Flow","@id":"24eb302a-2bd7-485c-be95-15a34af3311d","name":"shed","category":"F:Construction/41:Construction of buildings/410:Construction of buildings/4100:Construction of buildings","flowType":"PRODUCT_FLOW","refUnit":"m2"},"unit":{"@type":"Unit","@id":"3ce61faa-5716-41c1-aef6-b5920054acc9","name":"m2"},"flowProperty":{"@type":"FlowProperty","@id":"93a60a56-a3c8-19da-a746-0800200c9a66","name":"Area","category":"Technical flow properties","refUnit":"m2"},"defaultProvider":{"@type":"Process","@id":"79ad21fd-0803-3df7-bd12-4ee1458058f0","name":"market for shed | shed | Cutoff, U","category":"F:Construction/41:Construction of buildings/410:Construction of buildings/4100:Construction of buildings","processType":"UNIT_PROCESS","flowType":"PRODUCT_FLOW","location":"GLO"}}],"socialAspects":[],"allocationFactors":[]}