{"@type":"Process","@id":"d561be9f-5ecd-4576-ac7e-dd3c2245c17f","name":"Outdoor tractor and steamer production and use (L+ bud)","description":"","category":"Cannabis Production/experiment 1/L+ 1kg bud","version":"00.00.023","lastChange":"2023-11-13T15:00:10.236Z","processType":"UNIT_PROCESS","isInfrastructureProcess":false,"processDocumentation":{"isCopyrightProtected":false,"creationDate":"2022-11-27T14:04:15.961"},"lastInternalId":8,"parameters":[],"exchanges":[{"@type":"Exchange","isAvoidedProduct":false,"isInput":false,"amount":1.0,"internalId":1,"flow":{"@type":"Flow","@id":"2ed16224-501a-4370-9298-d4f893f42094","name":"Tractor use for H- Bud","flowType":"PRODUCT_FLOW","refUnit":"Item(s)"},"unit":{"@type":"Unit","@id":"6dabe201-aaac-4509-92f0-d00c26cb72ab","name":"Item(s)"},"flowProperty":{"@type":"FlowProperty","@id":"01846770-4cfe-4a25-8ad9-919d8d378345","name":"Number of items","category":"Technical flow properties","refUnit":"Item(s)"},"isQuantitativeReference":true},{"@type":"Exchange","isAvoidedProduct":false,"isInput":true,"amount":0.32,"description":"For both steamer and tractor","internalId":6,"flow":{"@type":"Flow","@id":"fecdf330-8660-4362-adde-ab5ea197ab1d","name":"diesel, burned in agricultural machinery","category":"A:Agriculture, forestry and fishing/01:Crop and animal production, hunting and related service activities/016:Support activities to agriculture and post-harvest crop activities/0161:Support activities for crop production","flowType":"PRODUCT_FLOW","refUnit":"MJ"},"unit":{"@type":"Unit","@id":"52765a6c-3896-43c2-b2f4-c679acf13efe","name":"MJ"},"flowProperty":{"@type":"FlowProperty","@id":"f6811440-ee37-11de-8a39-0800200c9a66","name":"Energy","category":"Technical flow properties","refUnit":"MJ"},"defaultProvider":{"@type":"Process","@id":"8a428767-9f57-317e-b918-40187509d68a","name":"diesel, burned in agricultural machinery | diesel, burned in agricultural machinery | Cutoff, U","category":"A:Agriculture, forestry and fishing/01:Crop and animal production, hunting and related service activities/016:Support activities to agriculture and post-harvest crop activities/0161:Support activities for crop production","processType":"UNIT_PROCESS","flowType":"PRODUCT_FLOW","location":"GLO"}},{"@type":"Exchange","isAvoidedProduct":false,"isInput":true,"amount":0.0,"description":"Steamer","internalId":8,"flow":{"@type":"Flow","@id":"663a4580-9fa2-4ec3-8174-5a18ed250015","name":"agricultural machinery, unspecified","category":"C:Manufacturing/28:Manufacture of machinery and equipment n.e.c./282:Manufacture of special-purpose machinery/2821:Manufacture of agricultural and forestry machinery","flowType":"PRODUCT_FLOW","refUnit":"kg"},"unit":{"@type":"Unit","@id":"20aadc24-a391-41cf-b340-3e4529f44bde","name":"kg"},"flowProperty":{"@type":"FlowProperty","@id":"93a60a56-a3c8-11da-a746-0800200b9a66","name":"Mass","category":"Technical flow properties","refUnit":"kg"},"defaultProvider":{"@type":"Process","@id":"690e6a8d-f9fc-3c7e-aeb1-8c9263c7f3ee","name":"market for agricultural machinery, unspecified | agricultural machinery, unspecified | Cutoff, U","category":"C:Manufacturing/28:Manufacture of machinery and equipment n.e.c./282:Manufacture of special-purpose machinery/2821:Manufacture of agricultural and forestry machinery","processType":"UNIT_PROCESS","flowType":"PRODUCT_FLOW","location":"GLO"}},{"@type":"Exchange","isAvoidedProduct":false,"isInput":true,"amount":1.8E-4,"description":"Tractor","internalId":7,"flow":{"@type":"Flow","@id":"6272e937-9524-463b-ae03-65d65f8ff6df","name":"tractor, 4-wheel, agricultural","category":"C:Manufacturing/28:Manufacture of machinery and equipment n.e.c./282:Manufacture of special-purpose machinery/2821:Manufacture of agricultural and forestry machinery","flowType":"PRODUCT_FLOW","refUnit":"kg"},"unit":{"@type":"Unit","@id":"20aadc24-a391-41cf-b340-3e4529f44bde","name":"kg"},"flowProperty":{"@type":"FlowProperty","@id":"93a60a56-a3c8-11da-a746-0800200b9a66","name":"Mass","category":"Technical flow properties","refUnit":"kg"},"defaultProvider":{"@type":"Process","@id":"8257941b-c097-3004-a093-175a30b800d4","name":"market for tractor, 4-wheel, agricultural | tractor, 4-wheel, agricultural | Cutoff, U","category":"C:Manufacturing/28:Manufacture of machinery and equipment n.e.c./282:Manufacture of special-purpose machinery/2821:Manufacture of agricultural and forestry machinery","processType":"UNIT_PROCESS","flowType":"PRODUCT_FLOW","location":"GLO"}}],"socialAspects":[],"allocationFactors":[]}