{"@type":"Process","@id":"dfa7a93e-3fdf-473c-a047-40626e6fca76","name":"Outdoor growing of fresh cannabis flower (L+ thc)","description":"","category":"Cannabis Production/experiment 1/L+ 100g thc","version":"00.00.060","lastChange":"2023-11-13T14:48:11.826Z","processType":"UNIT_PROCESS","isInfrastructureProcess":false,"processDocumentation":{"isCopyrightProtected":false,"creationDate":"2022-11-20T12:54:22.359"},"lastInternalId":65,"parameters":[],"exchanges":[{"@type":"Exchange","isAvoidedProduct":false,"isInput":false,"amount":4.5,"internalId":62,"flow":{"@type":"Flow","@id":"138309cc-092a-4b37-b903-a0cabacfd8ef","name":"Fresh cannabis flower outside (H- Bud)","flowType":"PRODUCT_FLOW","refUnit":"kg"},"unit":{"@type":"Unit","@id":"20aadc24-a391-41cf-b340-3e4529f44bde","name":"kg"},"flowProperty":{"@type":"FlowProperty","@id":"93a60a56-a3c8-11da-a746-0800200b9a66","name":"Mass","category":"Technical flow properties","refUnit":"kg"},"isQuantitativeReference":true},{"@type":"Exchange","isAvoidedProduct":false,"isInput":true,"amount":1.0,"internalId":60,"flow":{"@type":"Flow","@id":"fe854342-4360-45a7-a5f4-e375fc2c6822","name":"Agricultural practice for 1 unit of fresh cannabis flower (4.5 kg) (H- Bud)","flowType":"PRODUCT_FLOW","refUnit":"Item(s)"},"unit":{"@type":"Unit","@id":"6dabe201-aaac-4509-92f0-d00c26cb72ab","name":"Item(s)"},"flowProperty":{"@type":"FlowProperty","@id":"01846770-4cfe-4a25-8ad9-919d8d378345","name":"Number of items","category":"Technical flow properties","refUnit":"Item(s)"},"defaultProvider":{"@type":"Process","@id":"d610bc6a-30cd-4c5e-a5b1-f00cad5430d6","name":"Outdoor Horticultural practice (L+ thc)","category":"Cannabis Production/experiment 1/L+ 100g thc","processType":"UNIT_PROCESS","flowType":"PRODUCT_FLOW"}},{"@type":"Exchange","isAvoidedProduct":false,"isInput":true,"amount":-758.481532,"internalId":65,"flow":{"@type":"Flow","@id":"7ae371aa-8532-11e0-9d78-0800200c9a66","name":"Carbon dioxide","category":"Elementary flows/Emission to air/unspecified","flowType":"ELEMENTARY_FLOW","refUnit":"kg"},"unit":{"@type":"Unit","@id":"e1317ffc-7f83-4a85-bc65-4fb229a25cf8","name":"g"},"flowProperty":{"@type":"FlowProperty","@id":"93a60a56-a3c8-11da-a746-0800200b9a66","name":"Mass","category":"Technical flow properties","refUnit":"kg"}},{"@type":"Exchange","isAvoidedProduct":false,"isInput":true,"amount":1.0,"internalId":64,"flow":{"@type":"Flow","@id":"23eec791-55e0-44dd-8ba9-4145efabec30","name":"Transport and molding (H- bud)","flowType":"PRODUCT_FLOW","refUnit":"kg"},"unit":{"@type":"Unit","@id":"20aadc24-a391-41cf-b340-3e4529f44bde","name":"kg"},"flowProperty":{"@type":"FlowProperty","@id":"93a60a56-a3c8-11da-a746-0800200b9a66","name":"Mass","category":"Technical flow properties","refUnit":"kg"},"defaultProvider":{"@type":"Process","@id":"67bf5270-3b7d-491d-b218-079d61346e83","name":"Transport and molding (L+ thc)","category":"Cannabis Production/experiment 1/L+ 100g thc","processType":"UNIT_PROCESS","flowType":"PRODUCT_FLOW"}},{"@type":"Exchange","isAvoidedProduct":false,"isInput":true,"amount":42.5491715,"internalId":3,"flow":{"@type":"Flow","@id":"aecd9597-ca42-49be-b98b-97ab87058f50","name":"tomato seedling, for planting","category":"A:Agriculture, forestry and fishing/01:Crop and animal production, hunting and related service activities/013:Plant propagation/0130:Plant propagation","flowType":"PRODUCT_FLOW","refUnit":"Item(s)"},"unit":{"@type":"Unit","@id":"6dabe201-aaac-4509-92f0-d00c26cb72ab","name":"Item(s)"},"flowProperty":{"@type":"FlowProperty","@id":"01846770-4cfe-4a25-8ad9-919d8d378345","name":"Number of items","category":"Technical flow properties","refUnit":"Item(s)"},"defaultProvider":{"@type":"Process","@id":"7fab1201-21ef-3e8a-a23a-61b2842a4346","name":"tomato seedling production, in unheated greenhouse, for planting | tomato seedling, for planting | Cutoff, U","category":"A:Agriculture, forestry and fishing/01:Crop and animal production, hunting and related service activities/013:Plant propagation/0130:Plant propagation","processType":"UNIT_PROCESS","flowType":"PRODUCT_FLOW","location":"RoW"}},{"@type":"Exchange","isAvoidedProduct":false,"isInput":true,"amount":1.0,"internalId":61,"flow":{"@type":"Flow","@id":"2ed16224-501a-4370-9298-d4f893f42094","name":"Tractor use for H- Bud","flowType":"PRODUCT_FLOW","refUnit":"Item(s)"},"unit":{"@type":"Unit","@id":"6dabe201-aaac-4509-92f0-d00c26cb72ab","name":"Item(s)"},"flowProperty":{"@type":"FlowProperty","@id":"01846770-4cfe-4a25-8ad9-919d8d378345","name":"Number of items","category":"Technical flow properties","refUnit":"Item(s)"},"defaultProvider":{"@type":"Process","@id":"654d14f9-f078-45b1-ab66-56e3b9c47e3a","name":"Outdoor tractor and steamer production and use (L+ thc)","category":"Cannabis Production/experiment 1/L+ 100g thc","processType":"UNIT_PROCESS","flowType":"PRODUCT_FLOW"}},{"@type":"Exchange","isAvoidedProduct":false,"isInput":true,"amount":383777.44,"internalId":43,"flow":{"@type":"Flow","@id":"4a2aeb6d-125d-4473-8df7-310d98da3e2d","name":"process-specific burdens, sanitary landfill","category":"E:Water supply; sewerage, waste management and remediation activities/38:Waste collection, treatment and disposal activities; materials recovery/382:Waste treatment and disposal/3821:Treatment and disposal of non-hazardous waste","flowType":"PRODUCT_FLOW","refUnit":"kg"},"unit":{"@type":"Unit","@id":"e1317ffc-7f83-4a85-bc65-4fb229a25cf8","name":"g"},"flowProperty":{"@type":"FlowProperty","@id":"93a60a56-a3c8-11da-a746-0800200b9a66","name":"Mass","category":"Technical flow properties","refUnit":"kg"},"defaultProvider":{"@type":"Process","@id":"8be631a8-2de1-352b-bc94-bd4493bfa22d","name":"market for process-specific burdens, sanitary landfill | process-specific burdens, sanitary landfill | Cutoff, U","category":"E:Water supply; sewerage, waste management and remediation activities/38:Waste collection, treatment and disposal activities; materials recovery/382:Waste treatment and disposal/3821:Treatment and disposal of non-hazardous waste","processType":"UNIT_PROCESS","flowType":"PRODUCT_FLOW","location":"RoW"}},{"@type":"Exchange","isAvoidedProduct":false,"isInput":true,"amount":1.0,"internalId":63,"flow":{"@type":"Flow","@id":"ba498e6e-36ee-4610-ad53-c611f8692dd4","name":"6. Indoor fertilizer Canada","flowType":"PRODUCT_FLOW","refUnit":"m2"},"unit":{"@type":"Unit","@id":"debee4d9-bc47-4e35-8624-4957ecb75386","name":"ha"},"flowProperty":{"@type":"FlowProperty","@id":"93a60a56-a3c8-19da-a746-0800200c9a66","name":"Area","category":"Technical flow properties","refUnit":"m2"},"defaultProvider":{"@type":"Process","@id":"7f9f341c-9817-4263-a75d-960d5a0f662e","name":"Outdoor fertilizing (L+ thc)","category":"Cannabis Production/experiment 1/L+ 100g thc","processType":"UNIT_PROCESS","flowType":"PRODUCT_FLOW"}}],"socialAspects":[],"allocationFactors":[]}