{"@type":"Process","@id":"e456aa1b-6a44-4a2d-88a8-9a3734479310","name":"Full outdoor production (H- Bud)","description":"","category":"Cannabis Production/experiment 1/H- kg bud","version":"00.00.019","lastChange":"2023-05-24T00:26:22.886Z","processType":"UNIT_PROCESS","isInfrastructureProcess":false,"processDocumentation":{"isCopyrightProtected":false,"creationDate":"2022-11-27T14:25:18.235"},"lastInternalId":29,"parameters":[],"exchanges":[{"@type":"Exchange","isAvoidedProduct":false,"isInput":false,"amount":1.0,"internalId":19,"flow":{"@type":"Flow","@id":"9cbb87a4-5781-407a-b237-c13a127e9aed","name":"Production of 1 kg dried cannabis production (H- Bud)","flowType":"PRODUCT_FLOW","refUnit":"kg"},"unit":{"@type":"Unit","@id":"20aadc24-a391-41cf-b340-3e4529f44bde","name":"kg"},"flowProperty":{"@type":"FlowProperty","@id":"93a60a56-a3c8-11da-a746-0800200b9a66","name":"Mass","category":"Technical flow properties","refUnit":"kg"},"isQuantitativeReference":true},{"@type":"Exchange","isAvoidedProduct":false,"isInput":true,"amount":1.0,"internalId":18,"flow":{"@type":"Flow","@id":"2abb6772-e790-4dd3-9a2c-daac8d98c565","name":"Dried cannabis (H- Bud)","flowType":"PRODUCT_FLOW","refUnit":"kg"},"unit":{"@type":"Unit","@id":"20aadc24-a391-41cf-b340-3e4529f44bde","name":"kg"},"flowProperty":{"@type":"FlowProperty","@id":"93a60a56-a3c8-11da-a746-0800200b9a66","name":"Mass","category":"Technical flow properties","refUnit":"kg"},"defaultProvider":{"@type":"Process","@id":"a37723e1-c393-46bf-861f-7fec1044a639","name":"Outdoor drying of fresh cannabis flower (H- Bud)","category":"Cannabis Production/experiment 1/H- kg bud","processType":"UNIT_PROCESS","flowType":"PRODUCT_FLOW"}}],"socialAspects":[],"allocationFactors":[]}