{"@type":"Process","@id":"fd59b575-4844-47ff-ae3e-8e4b95a2217b","name":"Full outdoor production (L+ bud)","description":"","category":"Cannabis Production/experiment 1/L+ 1kg bud","version":"00.00.025","lastChange":"2023-05-24T00:26:28.971Z","processType":"UNIT_PROCESS","isInfrastructureProcess":false,"processDocumentation":{"isCopyrightProtected":false,"creationDate":"2022-11-27T14:25:18.235"},"lastInternalId":29,"parameters":[],"exchanges":[{"@type":"Exchange","isAvoidedProduct":false,"isInput":false,"amount":1.0,"internalId":19,"flow":{"@type":"Flow","@id":"9cbb87a4-5781-407a-b237-c13a127e9aed","name":"Production of 1 kg dried cannabis production (H- Bud)","flowType":"PRODUCT_FLOW","refUnit":"kg"},"unit":{"@type":"Unit","@id":"20aadc24-a391-41cf-b340-3e4529f44bde","name":"kg"},"flowProperty":{"@type":"FlowProperty","@id":"93a60a56-a3c8-11da-a746-0800200b9a66","name":"Mass","category":"Technical flow properties","refUnit":"kg"},"isQuantitativeReference":true},{"@type":"Exchange","isAvoidedProduct":false,"isInput":true,"amount":1.0,"internalId":18,"flow":{"@type":"Flow","@id":"2abb6772-e790-4dd3-9a2c-daac8d98c565","name":"Dried cannabis (H- Bud)","flowType":"PRODUCT_FLOW","refUnit":"kg"},"unit":{"@type":"Unit","@id":"20aadc24-a391-41cf-b340-3e4529f44bde","name":"kg"},"flowProperty":{"@type":"FlowProperty","@id":"93a60a56-a3c8-11da-a746-0800200b9a66","name":"Mass","category":"Technical flow properties","refUnit":"kg"},"defaultProvider":{"@type":"Process","@id":"f9fe3f48-9539-419d-ab6a-72d9362b31c0","name":"Outdoor drying of fresh cannabis flower (L+ bud)","category":"Cannabis Production/experiment 1/L+ 1kg bud","processType":"UNIT_PROCESS","flowType":"PRODUCT_FLOW"}}],"socialAspects":[],"allocationFactors":[]}