{"@type":"Flow","@id":"090f56b8-6a83-48c1-ae26-234d04771e53","name":"transport, freight, light commercial vehicle","description":"EcoSpold 2 intermediate exchange, ID \u003d 090f56b8-6a83-48c1-ae26-234d04771e53","category":"H:Transportation and storage/49:Land transport and transport via pipelines/492:Other land transport/4923:Freight transport by road","version":"00.00.003","lastChange":"2021-11-11T18:55:27.575Z","flowType":"PRODUCT_FLOW","isInfrastructureFlow":false,"flowProperties":[{"@type":"FlowPropertyFactor","isRefFlowProperty":true,"flowProperty":{"@type":"FlowProperty","@id":"838aaa20-0117-11db-92e3-0800200c9a66","name":"Goods transport (mass*distance)","category":"Technical flow properties","refUnit":"t*km"},"conversionFactor":1.0}]}