{"@type":"Flow","@id":"24eb302a-2bd7-485c-be95-15a34af3311d","name":"shed","description":"EcoSpold 2 intermediate exchange, ID \u003d 24eb302a-2bd7-485c-be95-15a34af3311d","category":"F:Construction/41:Construction of buildings/410:Construction of buildings/4100:Construction of buildings","version":"00.00.003","lastChange":"2021-11-11T18:55:26.556Z","flowType":"PRODUCT_FLOW","isInfrastructureFlow":false,"flowProperties":[{"@type":"FlowPropertyFactor","isRefFlowProperty":true,"flowProperty":{"@type":"FlowProperty","@id":"93a60a56-a3c8-19da-a746-0800200c9a66","name":"Area","category":"Technical flow properties","refUnit":"m2"},"conversionFactor":1.0}]}