{"@type":"Flow","@id":"2741cea8-327f-4e0f-9401-b10858dc68f8","name":"transport, freight, sea, container ship","description":"EcoSpold 2 intermediate exchange, ID \u003d 2741cea8-327f-4e0f-9401-b10858dc68f8","category":"H:Transportation and storage/50:Water transport/501:Sea and coastal water transport/5012:Sea and coastal freight water transport","version":"00.00.003","lastChange":"2021-11-11T18:55:27.673Z","flowType":"PRODUCT_FLOW","isInfrastructureFlow":false,"flowProperties":[{"@type":"FlowPropertyFactor","isRefFlowProperty":true,"flowProperty":{"@type":"FlowProperty","@id":"838aaa20-0117-11db-92e3-0800200c9a66","name":"Goods transport (mass*distance)","category":"Technical flow properties","refUnit":"t*km"},"conversionFactor":1.0}]}