{"@type":"Flow","@id":"3f5f5aef-3833-43d4-8b81-44123105afd7","name":"irrigation","description":"EcoSpold 2 intermediate exchange, ID \u003d 3f5f5aef-3833-43d4-8b81-44123105afd7","category":"A:Agriculture, forestry and fishing/01:Crop and animal production, hunting and related service activities/016:Support activities to agriculture and post-harvest crop activities/0161:Support activities for crop production","version":"00.00.003","lastChange":"2021-11-11T18:55:18.687Z","flowType":"PRODUCT_FLOW","isInfrastructureFlow":false,"flowProperties":[{"@type":"FlowPropertyFactor","isRefFlowProperty":true,"flowProperty":{"@type":"FlowProperty","@id":"93a60a56-a3c8-22da-a746-0800200c9a66","name":"Volume","category":"Technical flow properties","refUnit":"m3"},"conversionFactor":1.0}]}