{"@type":"Flow","@id":"4a2aeb6d-125d-4473-8df7-310d98da3e2d","name":"process-specific burdens, sanitary landfill","description":"EcoSpold 2 intermediate exchange, ID \u003d 4a2aeb6d-125d-4473-8df7-310d98da3e2d","category":"E:Water supply; sewerage, waste management and remediation activities/38:Waste collection, treatment and disposal activities; materials recovery/382:Waste treatment and disposal/3821:Treatment and disposal of non-hazardous waste","version":"00.00.003","lastChange":"2021-11-11T18:55:25.502Z","flowType":"PRODUCT_FLOW","isInfrastructureFlow":false,"flowProperties":[{"@type":"FlowPropertyFactor","isRefFlowProperty":true,"flowProperty":{"@type":"FlowProperty","@id":"93a60a56-a3c8-11da-a746-0800200b9a66","name":"Mass","category":"Technical flow properties","refUnit":"kg"},"conversionFactor":1.0}]}