{"@type":"Flow","@id":"6272e937-9524-463b-ae03-65d65f8ff6df","name":"tractor, 4-wheel, agricultural","description":"EcoSpold 2 intermediate exchange, ID \u003d 6272e937-9524-463b-ae03-65d65f8ff6df","category":"C:Manufacturing/28:Manufacture of machinery and equipment n.e.c./282:Manufacture of special-purpose machinery/2821:Manufacture of agricultural and forestry machinery","version":"00.00.003","lastChange":"2021-11-11T18:55:24.125Z","flowType":"PRODUCT_FLOW","isInfrastructureFlow":false,"flowProperties":[{"@type":"FlowPropertyFactor","isRefFlowProperty":true,"flowProperty":{"@type":"FlowProperty","@id":"93a60a56-a3c8-11da-a746-0800200b9a66","name":"Mass","category":"Technical flow properties","refUnit":"kg"},"conversionFactor":1.0}]}