{"@type":"Flow","@id":"64cea105-f89a-4f95-ae44-84ff904a28fc","name":"limestone, crushed, washed","description":"EcoSpold 2 intermediate exchange, ID \u003d 64cea105-f89a-4f95-ae44-84ff904a28fc","category":"B:Mining and quarrying/08:Other mining and quarrying/081:Quarrying of stone, sand and clay/0810:Quarrying of stone, sand and clay","version":"00.00.003","lastChange":"2021-11-11T18:55:19.113Z","flowType":"PRODUCT_FLOW","isInfrastructureFlow":false,"flowProperties":[{"@type":"FlowPropertyFactor","isRefFlowProperty":true,"flowProperty":{"@type":"FlowProperty","@id":"93a60a56-a3c8-11da-a746-0800200b9a66","name":"Mass","category":"Technical flow properties","refUnit":"kg"},"conversionFactor":1.0}]}