{"@type":"Flow","@id":"663a4580-9fa2-4ec3-8174-5a18ed250015","name":"agricultural machinery, unspecified","description":"EcoSpold 2 intermediate exchange, ID \u003d 663a4580-9fa2-4ec3-8174-5a18ed250015","category":"C:Manufacturing/28:Manufacture of machinery and equipment n.e.c./282:Manufacture of special-purpose machinery/2821:Manufacture of agricultural and forestry machinery","version":"00.00.003","lastChange":"2021-11-11T18:55:24.123Z","flowType":"PRODUCT_FLOW","isInfrastructureFlow":false,"flowProperties":[{"@type":"FlowPropertyFactor","isRefFlowProperty":true,"flowProperty":{"@type":"FlowProperty","@id":"93a60a56-a3c8-11da-a746-0800200b9a66","name":"Mass","category":"Technical flow properties","refUnit":"kg"},"conversionFactor":1.0}]}