{"@type":"Flow","@id":"68d6dfcf-2089-4586-9bbf-ad75591105cf","name":"injection moulding","description":"EcoSpold 2 intermediate exchange, ID \u003d 68d6dfcf-2089-4586-9bbf-ad75591105cf","category":"C:Manufacturing/22:Manufacture of rubber and plastics products/222:Manufacture of plastics products/2220:Manufacture of plastics products","version":"00.00.003","lastChange":"2021-11-11T18:55:23.313Z","flowType":"PRODUCT_FLOW","isInfrastructureFlow":false,"flowProperties":[{"@type":"FlowPropertyFactor","isRefFlowProperty":true,"flowProperty":{"@type":"FlowProperty","@id":"93a60a56-a3c8-11da-a746-0800200b9a66","name":"Mass","category":"Technical flow properties","refUnit":"kg"},"conversionFactor":1.0}]}