{"@type":"Flow","@id":"7ae371aa-8532-11e0-9d78-0800200c9a66","name":"Carbon dioxide","description":"Formula: CO2","category":"Elementary flows/Emission to air/unspecified","version":"00.00.004","lastChange":"2020-09-28T15:48:34.571Z","flowType":"ELEMENTARY_FLOW","cas":"000124-38-9","isInfrastructureFlow":false,"flowProperties":[{"@type":"FlowPropertyFactor","isRefFlowProperty":true,"flowProperty":{"@type":"FlowProperty","@id":"93a60a56-a3c8-11da-a746-0800200b9a66","name":"Mass","category":"Technical flow properties","refUnit":"kg"},"conversionFactor":1.0}]}