{"@type":"Flow","@id":"947a85fa-114e-4d9e-b36c-3293e48ea5ae","name":"polyethylene, low density, granulate","description":"EcoSpold 2 intermediate exchange, ID \u003d 947a85fa-114e-4d9e-b36c-3293e48ea5ae","category":"C:Manufacturing/20:Manufacture of chemicals and chemical products/201:Manufacture of basic chemicals, fertilizers and nitrogen compounds, plastics/2013:Manufacture of plastics and synthetic rubber in primary forms","version":"00.00.003","lastChange":"2021-11-11T18:55:23.134Z","flowType":"PRODUCT_FLOW","isInfrastructureFlow":false,"flowProperties":[{"@type":"FlowPropertyFactor","isRefFlowProperty":true,"flowProperty":{"@type":"FlowProperty","@id":"93a60a56-a3c8-11da-a746-0800200b9a66","name":"Mass","category":"Technical flow properties","refUnit":"kg"},"conversionFactor":1.0}]}