{"@type":"Flow","@id":"9cbb87a4-5781-407a-b237-c13a127e9aed","name":"Production of 1 kg dried cannabis production (H- Bud)","description":"","version":"00.00.001","lastChange":"2023-05-03T14:44:18.708Z","flowType":"PRODUCT_FLOW","isInfrastructureFlow":false,"flowProperties":[{"@type":"FlowPropertyFactor","isRefFlowProperty":true,"flowProperty":{"@type":"FlowProperty","@id":"93a60a56-a3c8-11da-a746-0800200b9a66","name":"Mass","category":"Technical flow properties","refUnit":"kg"},"conversionFactor":1.0}]}