{"@type":"Flow","@id":"aecd9597-ca42-49be-b98b-97ab87058f50","name":"tomato seedling, for planting","description":"EcoSpold 2 intermediate exchange, ID \u003d aecd9597-ca42-49be-b98b-97ab87058f50","category":"A:Agriculture, forestry and fishing/01:Crop and animal production, hunting and related service activities/013:Plant propagation/0130:Plant propagation","version":"00.00.003","lastChange":"2021-11-11T18:55:18.669Z","flowType":"PRODUCT_FLOW","isInfrastructureFlow":false,"flowProperties":[{"@type":"FlowPropertyFactor","isRefFlowProperty":true,"flowProperty":{"@type":"FlowProperty","@id":"01846770-4cfe-4a25-8ad9-919d8d378345","name":"Number of items","category":"Technical flow properties","refUnit":"Item(s)"},"conversionFactor":1.0}]}