{"@type":"Flow","@id":"cd27db73-0bae-4afa-a11a-e62153d7594b","name":"expanded perlite","description":"EcoSpold 2 intermediate exchange, ID \u003d cd27db73-0bae-4afa-a11a-e62153d7594b","category":"C:Manufacturing/23:Manufacture of other non-metallic mineral products/239:Manufacture of non-metallic mineral products n.e.c./2399:Manufacture of other non-metallic mineral products n.e.c.","version":"00.00.003","lastChange":"2021-11-11T18:55:23.482Z","flowType":"PRODUCT_FLOW","isInfrastructureFlow":false,"flowProperties":[{"@type":"FlowPropertyFactor","isRefFlowProperty":true,"flowProperty":{"@type":"FlowProperty","@id":"93a60a56-a3c8-11da-a746-0800200b9a66","name":"Mass","category":"Technical flow properties","refUnit":"kg"},"conversionFactor":1.0}]}