{"@type":"Flow","@id":"d16b5d3f-b5e4-45b6-9a04-23cde05220c0","name":"nylon 6","description":"EcoSpold 2 intermediate exchange, ID \u003d d16b5d3f-b5e4-45b6-9a04-23cde05220c0","category":"C:Manufacturing/20:Manufacture of chemicals and chemical products/201:Manufacture of basic chemicals, fertilizers and nitrogen compounds, plastics/2013:Manufacture of plastics and synthetic rubber in primary forms","version":"00.00.003","lastChange":"2021-11-11T18:55:23.156Z","flowType":"PRODUCT_FLOW","isInfrastructureFlow":false,"flowProperties":[{"@type":"FlowPropertyFactor","isRefFlowProperty":true,"flowProperty":{"@type":"FlowProperty","@id":"93a60a56-a3c8-11da-a746-0800200b9a66","name":"Mass","category":"Technical flow properties","refUnit":"kg"},"conversionFactor":1.0}]}