{"@type":"Flow","@id":"fe854342-4360-45a7-a5f4-e375fc2c6822","name":"Agricultural practice for 1 unit of fresh cannabis flower (4.5 kg) (H- Bud)","description":"","version":"00.00.001","lastChange":"2023-05-03T14:40:51.779Z","flowType":"PRODUCT_FLOW","isInfrastructureFlow":false,"flowProperties":[{"@type":"FlowPropertyFactor","isRefFlowProperty":true,"flowProperty":{"@type":"FlowProperty","@id":"01846770-4cfe-4a25-8ad9-919d8d378345","name":"Number of items","category":"Technical flow properties","refUnit":"Item(s)"},"conversionFactor":1.0}]}