{"@type":"Flow","@id":"fecdf330-8660-4362-adde-ab5ea197ab1d","name":"diesel, burned in agricultural machinery","description":"EcoSpold 2 intermediate exchange, ID \u003d fecdf330-8660-4362-adde-ab5ea197ab1d","category":"A:Agriculture, forestry and fishing/01:Crop and animal production, hunting and related service activities/016:Support activities to agriculture and post-harvest crop activities/0161:Support activities for crop production","version":"00.00.003","lastChange":"2021-11-11T18:55:18.707Z","flowType":"PRODUCT_FLOW","isInfrastructureFlow":false,"flowProperties":[{"@type":"FlowPropertyFactor","isRefFlowProperty":true,"flowProperty":{"@type":"FlowProperty","@id":"f6811440-ee37-11de-8a39-0800200c9a66","name":"Energy","category":"Technical flow properties","refUnit":"MJ"},"conversionFactor":1.0}]}